date,Point_1_True_SST,Point_1_Pred_SST,Point_10_True_SST,Point_10_Pred_SST,Point_141_True_SST,Point_141_Pred_SST,Point_150_True_SST,Point_150_Pred_SST
2023-01-08,11.843875,11.685696,13.465875,13.627277,12.665000000000001,12.558656,13.599998999999999,13.4321165
2023-01-09,12.018624,11.950966,13.115125000000003,13.645981,12.517248999999998,12.751508,13.49325,13.603783
2023-01-10,12.31425,12.056452,13.511874,13.151902,12.438125,12.572055,13.352250000000002,13.426008
2023-01-11,12.727625,12.344312,14.476999,13.749468,12.681,12.5002165,13.439,13.322843
2023-01-12,13.298374,12.737064,15.056876,14.616143,13.268624,12.697239,13.817875,13.453006
2023-01-13,13.387125,13.297591,14.972624,14.964554,13.160998999999999,13.194088,14.313499000000002,13.845105
2023-01-14,13.449124,13.302058,14.501249,14.748409,12.969249,13.051769,14.17075,14.308346
2023-01-15,13.200624,13.392208,14.392374,14.298362,13.151251,12.924796,13.946499,14.026131
2023-01-16,13.305749,13.120566,14.07525,14.389169,13.023375,13.128081,13.490375000000002,13.88582
2023-01-17,13.203749,13.319112,13.8685,13.99278,13.35525,13.000464,13.4045,13.415293
2023-01-18,13.061251,13.180116,13.322248,13.912507,13.43075,13.340853,13.543125,13.461547
2023-01-19,12.84425,13.07206,13.171000000000001,13.269402,13.314375,13.379898,13.569999999999999,13.585173
2023-01-20,12.505626,12.866872,13.138999999999998,13.303894,12.258875,13.277764,13.184999,13.557219
2023-01-21,12.557123,12.554821,13.131874,13.202074,12.158124,12.364856,13.055623999999998,13.112808
2023-01-22,12.27675,12.640655,13.233750000000002,13.188821,12.476001,12.369413,13.414,13.09009
2023-01-23,12.009875,12.321605,13.530375499999998,13.280229,12.39075,12.584829,13.835750000000003,13.482495
2023-01-24,11.876749,12.092533,12.916626,13.572829,11.8875,12.446962,13.283873999999999,13.83339
2023-01-25,12.326498,11.966297,12.6015,12.7182,12.285874,12.001653,12.544125,13.104321
2023-01-26,12.557499999999997,12.41364,13.02475,12.676231,12.4088745,12.341279,12.8035,12.50202
2023-01-27,12.1075,12.571879,13.232749000000002,13.179466,12.028251,12.383613,12.9555,12.962269
2023-01-28,11.476375,12.069697,12.754749,13.216626,11.915375,12.054889,12.487749,12.957752
2023-01-29,11.328249,11.526979,12.129499,12.634465,12.039375,11.987776,12.197999000000001,12.421387
2023-01-30,11.352625,11.451179,11.705874,12.12007,12.051000000000002,12.077936,11.951499,12.249274
2023-01-31,11.4485,11.463635,11.801499,11.805259,11.808874,12.065235,11.832374,11.999807
2023-02-01,11.2213745,11.53652,11.743,12.001963,11.5391245,11.863657,11.639,11.911557
2023-02-02,11.149751000000002,11.284544,12.220123,11.824761,11.450874,11.643373,11.738499,11.700588
2023-02-03,10.927374,11.221115,13.022375,12.401664,11.359749999999998,11.5597105,12.044373999999998,11.842357
2023-02-04,11.095374000000001,10.999999,12.916876,13.091979,10.967,11.463935,11.79225,12.108424
2023-02-05,10.993249,11.170975,12.523624,12.709324,10.892374,11.124986,11.604375,11.753075
2023-02-06,10.827623,11.046327,12.275125,12.421149,10.527874,11.047434,11.71,11.656138
2023-02-07,11.089874,10.90169,12.128999,12.273811,10.451499,10.729118,11.888999,11.79164
2023-02-08,11.602876,11.155389,12.011999,12.177642,10.474624999999998,10.648659,11.957874,11.937261
2023-02-09,11.383873999999999,11.650775,12.051874,12.082904,10.387375,10.632982,12.238874,11.971466
2023-02-10,11.139998999999998,11.364077,12.3335,12.153521,10.322875,10.54512,11.82175,12.27417
2023-02-11,11.590999999999998,11.156943,12.446374,12.429274,10.76875,10.479592,11.653625,11.743416
2023-02-12,12.188499,11.645367,12.426750000000002,12.438506,10.876373,10.779953,11.762249,11.726035
2023-02-13,12.358749,12.218765,12.315375,12.409283,10.690749,10.853381,11.32525,11.842035
2023-02-14,11.860999,12.332635,12.182124,12.29756,10.391624,10.735647,10.339874,11.3300705
2023-02-15,11.80425,11.79413,11.906751000000002,12.193182,10.642,10.5360985,10.393873,10.427631
2023-02-16,11.866125,11.826581,11.799499000000003,11.918941,10.7595005,10.7137375,11.804999,10.710191
2023-02-17,11.715999999999998,11.892449,12.132249999999999,11.895553,10.432250000000002,10.794059,12.426499,12.047396
2023-02-18,12.008624,11.749174,12.515876,12.273606,10.292,10.568281,12.203999,12.338491
2023-02-19,11.962374,12.072595,12.306498999999999,12.561431,10.246624,10.467151,11.50525,12.064558
2023-02-20,11.7675,11.967483,11.586625,12.206974,10.210124,10.42085,11.165374999999997,11.429275
2023-02-21,12.050249,11.7787285,10.857249999999999,11.524252,10.839749,10.382202,11.164000000000001,11.268417
2023-02-22,12.203626,12.099076,11.204124,10.994284,11.278375,10.815694,11.31775,11.306228
2023-02-23,12.130249,12.21327,11.413,11.548936,11.214874,11.1649685,11.325124999999998,11.440902
2023-02-24,12.297499,12.123736,11.451624,11.538607,11.16575,11.128793,11.2535,11.394832
2023-02-25,12.682501,12.319526,11.613123,11.554341,11.413749,11.126514,11.442874,11.321239
2023-02-26,12.38575,12.701606,11.647125,11.701217,11.643,11.357701,11.69,11.535091
2023-02-27,11.814874999999999,12.325646,11.50775,11.669887,11.513624,11.56992,11.559749999999998,11.737
2023-02-28,12.015875,11.829172,11.671249,11.532899,11.140374999999999,11.488131,11.40075,11.551772
2023-03-01,11.990123999999998,12.101834,11.844874999999998,11.774996,10.790625000000002,11.213288,11.366249,11.44792
2023-03-02,11.95225,12.024038,11.624125,11.8838005,10.870000000000001,10.943227,11.198874,11.44344
2023-03-03,11.893748999999998,11.99749,11.433875,11.609889,11.22275,10.997846,11.411373999999999,11.263232
2023-03-04,11.939249,11.931105,11.418625000000002,11.513099,11.153,11.255368,11.417624,11.533613
2023-03-05,12.0175,11.974611,11.521126,11.534427,11.368875,11.178845,11.3405,11.457423
2023-03-06,11.886249,12.042476,11.799999000000001,11.632192,11.626624,11.350348,11.05275,11.397029
2023-03-07,11.889625,11.895504,12.59775,11.8935375,12.071751,11.560152,11.411499,11.109594
2023-03-08,11.706500000000002,11.921374,13.666124,12.710305,12.263125,11.948819,12.275624,11.56417
2023-03-09,11.88425,11.731657,14.348874,13.677242,12.35125,12.129093,13.104749,12.353113
2023-03-10,11.953375,11.938047,13.196498999999998,14.18201,12.199499,12.239433,13.339624,13.060671
2023-03-11,12.094124,11.975551,12.823875,12.67576,12.3125,12.137642,13.322874,13.180253
2023-03-12,11.784999999999998,12.119594,12.492749,12.903539,12.42775,12.280135,12.929499000000002,13.196323
2023-03-13,11.79125,11.774481,11.848374,12.466414,11.914999,12.392851,12.473875,12.802345
2023-03-14,12.041124,11.8324995,12.038625999999999,11.894186,11.933374,11.963941,12.884250999999999,12.445932
2023-03-15,11.682625,12.081685,13.00075,12.312338,11.257626,12.015025,13.217999,13.018001
2023-03-16,11.386126,11.683955,13.226625,13.2190695,11.614874,11.429127,12.679624,13.20776
2023-03-17,11.672125,11.453563,13.774499,13.104178,12.720375000000002,11.731376,12.293875,12.548447
2023-03-18,11.873748999999998,11.7494335,14.200998999999998,13.801748,12.847374999999998,12.631207,12.592125,12.321042
2023-03-19,11.696249,11.909089,14.144,14.075543,12.633625,12.677956,12.806874,12.700486
2023-03-20,11.481999999999998,11.7014265,13.370125,13.951024,12.402124,12.516219,12.94225,12.804388
2023-03-21,11.988,11.515691,13.551748999999997,13.128493,12.646999,12.363293,13.4035,12.9254465
2023-03-22,13.074499999999999,12.053935,13.347625,13.71988,12.704375,12.621665,13.30125,13.418488
2023-03-23,12.765124000000002,13.141737,12.519876,13.253561,12.386374,12.673451,12.446374,13.17205
2023-03-24,13.571875,12.636768,13.012624,12.452299,13.31975,12.411923,12.761000000000001,12.307642
2023-03-25,13.411874,13.628257,13.806,13.322582,14.700749,13.28084,13.109373999999999,12.93307
2023-03-26,13.389374,13.259494,13.598624,13.884748,14.792749,14.467992,13.335375000000003,13.1136265
2023-03-27,13.494625,13.350963,13.109625000000001,13.4043865,14.08425,14.461029,13.031374,13.312082
2023-03-28,13.961499,13.467925,13.895748999999999,13.016036,14.282124500000002,13.889459,12.589498999999998,12.922998
2023-03-29,14.412374500000002,13.989086,14.857875000000002,14.113057,14.461,14.258777,12.449874,12.552817
2023-03-30,14.230875,14.394023,15.88275,14.856962,14.7907505,14.415506,12.616625,12.501605
2023-03-31,14.53875,14.11426,16.1095,15.880185,15.12575,14.75718,13.175749,12.682551
2023-04-01,14.665124,14.549155,16.163876,15.835061,15.314374999999998,15.061113,13.500500000000002,13.235604
2023-04-02,14.532874,14.593862,15.751624,16.00901,15.468875,15.21194,13.555125,13.440267
2023-04-03,14.5125,14.462506,14.65175,15.494,15.388625,15.3671465,13.745,13.465948
2023-04-04,15.064375,14.493674,15.2266245,14.40125,15.316626,15.304687,14.678124,13.708183
2023-04-05,14.615126,15.124276,15.328124,15.601415,13.56175,15.293529,15.47625,14.74799
2023-04-06,14.798124,14.448897,14.343376,15.219213,12.191249,13.645162,15.066375,15.388089
2023-04-07,14.25325,14.86468,13.763874000000001,14.150187,12.25825,12.681093,14.370375,14.796247
2023-04-08,13.429499,14.150589,13.750749,13.843784,12.303625,12.766062,14.122624999999998,14.246705
2023-04-09,13.45375,13.488962,13.88275,13.887636,13.036376000000002,12.616969,13.482375000000001,14.165909
2023-04-10,13.6676235,13.629242,13.728873,13.9713545,13.142,13.149306,12.949749,13.425636
2023-04-11,13.102501,13.759746,13.417874,13.713134,12.337374999999998,13.096658,13.022875,13.014762
2023-04-12,13.454625,13.11327,13.376375000000001,13.404283,12.053373,12.347624,13.082875999999999,13.166427
2023-04-13,13.338125,13.580266,14.210372999999999,13.436098,12.1953745,12.167744,13.4071245,13.11884
2023-04-14,13.435624,13.306635,15.0255,14.39498,13.58025,12.287373,14.522623000000001,13.458119
2023-04-15,13.5125,13.4673,15.020125,15.008278,13.813375000000002,13.504307,15.344125,14.620288
2023-04-16,13.673625,13.506614,14.29625,14.792087,13.858499999999998,13.604246,15.132,15.238691
2023-04-17,13.553499,13.678762,14.122624,14.030357,14.055375,13.68026,14.598249000000001,14.882084
2023-04-18,13.3341255,13.507064,14.130376,14.16052,13.8545,13.906467,13.932624999999998,14.457105
2023-04-19,14.154999000000002,13.315072,14.82275,14.133293,14.683749999999998,13.745819,14.3835,13.853578
2023-04-20,14.156749,14.262663,15.449376,14.997757,14.78425,14.624901,14.921749,14.586063
2023-04-21,14.268126,14.053442,14.442249999999998,15.430863,14.95775,14.633402,14.718374000000003,14.948672
2023-04-22,14.127873999999998,14.252925,14.087375,14.026722,14.749374,14.853734,14.46275,14.604368
2023-04-23,14.2387495,14.04793,14.450375,14.17529,14.827498999999998,14.657315,15.00275,14.430247
2023-04-24,14.128,14.239725,14.558874,14.548181,14.753874,14.815038,14.632998000000002,15.103012
2023-04-25,14.442625,14.0768,15.09175,14.527787,14.9535,14.73868,14.893873999999999,14.463947
2023-04-26,14.528748999999998,14.488877,14.6502495,15.196918,14.762124,14.975208,14.709998999999998,14.98872
2023-04-27,14.242125,14.483365,14.194874,14.384805,14.3715,14.7454815,14.288501,14.61686
2023-04-28,13.741999,14.173595,13.927500000000002,14.156864,13.777374,14.411702,14.1658745,14.244497
2023-04-29,13.146624,13.724917,14.3098755,13.917253,13.11525,13.902769,14.700001,14.212944
2023-04-30,13.4045,13.214407,14.399875,14.466805,13.124125,13.344131,14.897124000000002,14.81779
2023-05-01,14.3585,13.554834,14.61125,14.344556,14.05225,13.367421,14.926125,14.840432
2023-05-02,14.73875,14.484144,15.033749,14.644261,14.760751,14.152781,14.851625000000002,14.878816
2023-05-03,14.523,14.693656,15.066498999999999,15.037497,14.9035,14.651574,14.9435,14.799197
2023-05-04,14.342249,14.398041,15.421124,14.929729,14.442374999999998,14.710187,15.436999999999998,14.942418
2023-05-05,12.84425,14.271269,15.641374999999998,15.443993,12.474124,14.296603,15.458999999999998,15.472106
2023-05-06,14.029875,12.753827,15.214374999999999,15.543906,13.628499,12.607247,15.321499,15.345159
2023-05-07,15.2085,14.3457155,15.013874,15.009928,14.960249999999998,13.936577,15.194749,15.256894
2023-05-08,15.583749,15.273164,15.024875,15.011064,15.70475,14.937977,15.440625,15.15889
2023-05-09,16.397875,15.507188,15.512625,15.031707,16.0105,15.490162,15.67625,15.481143
2023-05-10,16.095375,16.411074,15.104874,15.629119,16.136126,15.737148,15.440875,15.651467
2023-05-11,15.035,15.781371,15.190125,14.879737,15.615,15.890168,15.441249,15.334593
2023-05-12,15.606624999999998,14.822211,15.715875,15.295903,15.599749999999998,15.419718,15.736624999999998,15.453736
2023-05-13,15.510375,15.802277,15.69775,15.768099,14.865126,15.628979,15.552625,15.756297
2023-05-14,16.0555,15.406245,16.470875,15.560089,15.543,14.907719,16.54475,15.446293
2023-05-15,16.840624,16.19396,16.700375,16.647367,16.334875,15.760546,17.281874,16.703072
2023-05-16,17.264002,16.869335,16.791,16.517023,16.773998,16.340448,17.022875,17.169266
2023-05-17,17.641375,17.17923,17.35975,16.74105,16.84875,16.644987,17.353374,16.776201
2023-05-18,17.057251,17.559906,17.673876,17.407877,16.13575,16.680107,17.59975,17.384216
2023-05-19,15.451001,16.749325,17.69825,17.573357,15.849251,15.987921,17.341375,17.516996
2023-05-20,15.8602495,15.320489,17.591625,17.600752,16.194248,15.930256,17.203375,17.211401
2023-05-21,16.453876,16.244595,17.442125,17.507206,17.227373,16.339376,18.040125,17.199045
2023-05-22,16.45575,16.5299,17.5735,17.397375,16.901,17.320274,17.87925,18.180094
2023-05-23,17.093374,16.431433,18.196125,17.63055,17.597374,16.707478,18.186375,17.676058
2023-05-24,18.088,17.209948,19.024624,18.321579,18.5095,17.65241,18.51475,18.24917
2023-05-25,18.011627,18.14142,18.889498,19.093004,18.2565,18.414837,18.16175,18.45886
2023-05-26,17.554375,17.723726,17.875124,18.633625,17.438747,17.962198,18.13525,18.012527
2023-05-27,17.358126,17.385204,17.90775,17.59528,16.852749,17.314682,18.393124,18.182549
2023-05-28,17.038374,17.329319,18.2485,18.109467,16.103874,16.980616,18.65925,18.430002
2023-05-29,17.566126,17.023592,18.241375,18.299755,17.492125,16.307478,18.800999,18.655144
2023-05-30,17.309,17.76931,18.241125,18.22847,17.967749,17.96071,18.574123,18.76236
2023-05-31,18.126749,17.171518,18.631374,18.26332,18.81075,17.908607,18.658,18.487244
2023-06-01,18.614874,18.39796,19.188747,18.725985,18.303001,18.802008,18.790375,18.708174
2023-06-02,18.8365,18.501316,19.723251,19.232658,18.3375,17.980553,19.19025,18.79047
2023-06-03,19.199999,18.785124,20.298626,19.729765,19.509125,18.356249,20.148624,19.243355
2023-06-04,19.3645,19.16302,20.307373,20.310328,20.137375,19.647703,20.2025,20.199202
2023-06-05,19.634127,19.267813,20.489126000000002,20.127535,20.10075,19.979584,20.891125,19.983297
2023-06-06,19.397377,19.636988,20.396750000000004,20.520578,19.832874,19.885633,20.58,20.951855
2023-06-07,18.731749,19.232817,19.865,20.267872,19.327375,19.722746,20.559626,20.31584
2023-06-08,18.56325,18.69387,19.657,19.7454,17.88725,19.287735,19.655375,20.622974
2023-06-09,18.83,18.748875,20.43325,19.732996,17.68725,17.899485,20.648624,19.474903
2023-06-10,18.462502,18.99527,20.372,20.731438,17.61475,18.203049,20.80325,21.072292
2023-06-11,18.613125,18.429028,20.943876,20.202803,18.533625,17.933403,21.314999999999998,20.633932
2023-06-12,18.584375,18.814383,21.051249,21.225256,18.753998,18.914888,20.91375,21.424107
2023-06-13,19.309502,18.559317,21.912249000000003,20.888311,19.232998,18.719166,21.308376000000003,20.697716
2023-06-14,18.972874000000004,19.557423,21.769499,22.230497,18.550375,19.265095,20.80975,21.490067
2023-06-15,19.62925,18.692427,21.735374000000004,21.45378,19.02475,18.307966,21.473001,20.619354
2023-06-16,20.764376,19.94372,22.470127,21.865385,20.561748999999995,19.239246,22.65425,21.765396
2023-06-17,21.089376,20.853973,22.028376,22.64017,21.658625,20.717785,22.8225,22.682222
2023-06-18,20.08725,20.928219,22.251001,21.748959,21.196999,21.447327,22.810625,22.629555
2023-06-19,18.627499,19.716251,21.547,22.54328,20.638626,20.69133,22.168875,22.778841
2023-06-20,19.840126,18.654905,21.780624,21.205502,21.83875,20.504307,21.996,22.021225
2023-06-21,20.299875,20.568518,22.272124999999996,22.209785,21.359625,22.130907,21.939499,22.169863
2023-06-22,21.3065,20.157148,23.0175,22.344183,21.752125,20.927307,22.998001000000002,22.035555
2023-06-23,21.130125,21.645052,22.276503000000005,23.217924,21.103874,21.97672,21.909752,23.19286
2023-06-24,20.668251,20.726751,21.758125,21.88325,21.156624,20.845497,21.37825,21.49097
2023-06-25,21.559999999999995,20.703354,22.425123,21.902933,21.621124,21.402914,22.33975,21.628233
2023-06-26,19.679999999999996,21.773367,22.26,22.70049,19.014875,21.743595,22.035249999999998,22.637234
2023-06-27,19.561,19.056936,22.539627,22.1308,18.069626,18.548979,22.355125000000005,21.844412
2023-06-28,21.868498,20.384375,22.590376,22.806137,20.585999,18.815905,22.838001000000002,22.590061
2023-06-29,20.973751000000004,22.25598,21.743374,22.538347,20.339125,21.52564,22.527876,22.890125
2023-06-30,20.17425,20.28788,21.934874,21.580748,19.890749,19.933937,22.424501,22.412045
2023-07-01,20.525875,20.489344,22.633377,22.283129,21.1325,19.938505,23.01,22.530228
2023-07-02,22.1495,20.743382,23.351872999999998,22.78707,22.159876000000004,21.440521,23.510624,23.15671
2023-07-03,23.745998,22.456064,23.709875,23.468163,23.486502,21.97324,24.335250000000002,23.490454
2023-07-04,21.703377,23.504812,23.065,23.635662,21.739750000000004,23.310385,23.196499000000003,24.271275
2023-07-05,19.296247,20.710285,21.831377,22.826803,17.531374,20.750782,22.3095,22.76745
2023-07-06,19.905249,19.676453,22.825499,21.633999,17.925499,17.290913,23.099625,22.482119
2023-07-07,18.904,20.703352,22.536127,23.395987,17.86775,19.35435,23.021499999999996,23.416895
2023-07-08,19.08075,18.86437,23.016624,22.20143,18.223999,18.298834,23.1415,22.955011
2023-07-09,19.411625,19.843903,23.90575,23.451525,19.43425,18.774761,23.472248,23.302397
2023-07-10,18.5995,19.552494,23.71325,23.8936,20.093248000000003,19.808968,22.840499999999995,23.526524
2023-07-11,17.72725,18.592104,23.546001,23.532578,20.731249,19.990305,22.976875,22.706732
2023-07-12,17.24825,17.873943,23.474625,23.55946,20.881126000000002,20.576117,22.545626000000002,23.22779
2023-07-13,17.52125,17.494,23.456124999999997,23.432943,20.956375,20.616253,22.351875,22.487972
2023-07-14,14.223625,17.814459,21.89925,23.511251,15.964875,20.820671,21.025875,22.549408
2023-07-15,13.032001,14.028357,21.98,21.44889,14.083375,15.408028,21.037622,20.87679
2023-07-16,14.078249,13.957907,22.317001,22.56939,15.077625,15.419339,21.967499,21.496002
2023-07-17,17.066874,14.585002,22.851252,22.384712,18.183874,16.179136,22.979374,22.229483
2023-07-18,19.003124,17.578365,23.335123,23.133795,19.448624,18.847153,23.357998,22.990698
2023-07-19,19.874374000000003,19.096897,23.488249,23.354242,19.3105,19.209919,23.463375,23.235197
2023-07-20,22.022123,19.706057,24.017624,23.462126,22.313873,18.843594,24.937874,23.407383
2023-07-21,23.153001999999997,22.322523,24.365,24.083462,22.457499,22.348074,25.077126000000003,24.895176
2023-07-22,22.951752,22.722673,24.602623,24.23992,21.649124,21.45191,24.836748,24.681791
2023-07-23,18.20375,22.382982,22.880625,24.544197,17.531626,21.126207,23.354622,24.722494
2023-07-24,17.250751,17.08819,23.342998999999995,22.250534,17.903625,16.97582,23.924373999999997,23.073349
2023-07-25,19.338,18.812668,24.138624,23.984386,19.304,19.240604,24.491127000000002,24.330412
2023-07-26,21.4935,20.018824,24.65275,24.053722,20.777,19.870138,24.630125,24.424196
2023-07-27,23.348373,21.86956,26.298876,24.754875,22.630627,21.057173,25.331875,24.57121
2023-07-28,24.332748,23.296394,28.002874,26.445965,23.282999,22.600777,26.6175,25.275835
2023-07-29,25.617624,23.839823,28.397,27.797276,23.236876,22.676573,28.522501,26.400585
2023-07-30,25.392124,25.175295,27.70475,27.838356,22.307251,22.648983,28.092375,28.107948
2023-07-31,25.773624,24.167711,28.0845,27.079576,24.075125,21.796305,28.196499,27.302107
2023-08-01,26.891000000000002,25.427267,28.7215,28.009811,24.785875,24.566822,28.880000999999996,27.988491
2023-08-02,24.306499999999996,26.193386,28.265001,28.36792,21.215128,24.17423,27.475875999999996,28.526817
2023-08-03,22.951,23.123451,27.965876,27.75376,20.991877000000002,20.079918,26.922751999999996,26.890936
2023-08-04,21.50025,23.702137,27.966503,27.767487,22.7835,22.07773,28.504875,27.006992
2023-08-05,21.63675,21.628197,28.546251,27.732803,22.593874,23.321991,29.421751,28.507652
2023-08-06,22.745500000000003,22.648762,28.554253,28.508087,24.206876999999995,22.206898,29.264248000000002,28.902594
2023-08-07,22.563749999999995,22.881424,28.351875,28.106766,24.554749,24.625025,28.884876,28.73292
2023-08-08,24.739,22.425291,28.622875,28.115232,24.723124,23.870724,28.797000000000004,28.492868
2023-08-09,24.87075,25.160295,27.899376,28.429672,24.106624999999998,24.3399,27.967623000000003,28.512753
2023-08-10,23.869375,23.661493,25.865124,27.34999,23.230999,23.51352,25.798874,27.595316
2023-08-11,23.597626,23.52776,26.133625000000002,25.386532,22.791376,23.005005,25.022125,25.625053
2023-08-12,25.648125,23.337578,26.530375,26.636192,25.092875,22.881191,26.086252,25.440002
2023-08-13,26.195625,25.858328,26.242874,26.350185,25.226002,25.778873,26.098001,26.307674
2023-08-14,25.42375,25.090807,26.086372000000004,26.217367,23.73075,24.306387,25.864498,25.875252
2023-08-15,24.814249,24.861065,26.354876,26.005499,21.709126,23.098867,25.668877,25.809708
2023-08-16,25.161877,24.474846,26.336626,26.36743,21.62225,21.545954,25.562626,25.600365
2023-08-17,25.129374,25.097113,26.426626,26.150639,22.844501,22.303389,26.221626,25.526342
2023-08-18,24.694626,24.665665,26.039749999999998,26.357485,23.234874999999995,23.326557,25.943123,26.194807
2023-08-19,24.108376,24.488213,26.9485,25.762442,24.211376,23.103563,27.143753000000004,25.67962
2023-08-20,23.9725,23.994514,26.268127000000003,27.197592,24.441376,24.269325,26.188375,27.156305
2023-08-21,24.049126,24.050978,27.104252,25.602451,24.486374,23.921967,26.838627,25.659369
2023-08-22,23.292,23.952827,27.157501,27.537075,23.321127,24.118656,26.925625,26.982887
2023-08-23,25.023624,23.108246,27.543625,26.53235,23.507874999999995,22.725502,27.323376,26.552792
2023-08-24,24.469126,25.47943,27.743877,27.6702,23.743124,23.807583,27.727000000000004,27.199436
2023-08-25,25.227875,23.388172,28.031876,27.304749,25.029125,23.622927,27.258999,27.424469
2023-08-26,27.661627,25.596409,28.257126,27.91879,26.484377000000002,25.207321,27.402876,26.914417
2023-08-27,26.488127,27.146461,27.932373000000002,27.924143,25.895,26.136272,27.542625,27.306507
2023-08-28,26.451252000000004,24.947672,27.925,27.546871,24.954748,24.776102,27.091623,27.289858
2023-08-29,25.303375,26.51225,27.554499,27.777727,23.382375999999997,24.443491,27.174877,26.841618
2023-08-30,21.85775,24.25622,26.565999999999995,27.170767,19.915876,22.958057,26.653872999999997,27.10175
2023-08-31,25.224127,22.213367,27.539248,26.28875,21.546125,19.763193,27.676624000000004,26.419088
2023-09-01,27.014749999999996,26.701466,26.889997,27.894072,24.108875,23.363165,27.68375,27.725481
2023-09-02,25.806376,25.726423,27.643501,26.19206,25.634125,24.46646,26.933624,27.225039
2023-09-03,26.82125,25.262861,27.742,28.114265,25.601002,25.277523,27.48775,26.703558
2023-09-04,26.804,26.717932,27.094625,27.10067,25.730251,24.70568,27.591249999999995,27.478905
2023-09-05,26.727001,25.751509,27.127626,26.945753,25.264002,25.216688,27.6485,27.2564
2023-09-06,26.031752,26.449728,26.779876999999995,27.011818,24.1985,24.516026,27.052502,27.44701
2023-09-07,25.9655,25.189966,26.292875,26.482838,23.975502,23.730265,26.196127,26.76221
2023-09-08,25.847004,26.138325,26.192125,26.209776,24.750874,24.105885,26.052376,26.118763
2023-09-09,25.89575,25.439964,26.077625,26.143333,25.8835,24.916487,26.353874,26.125906
2023-09-10,25.8995,25.824581,25.973875,26.003515,26.490999999999996,25.758274,26.698624,26.325079
2023-09-11,26.059626,25.578321,26.633623,25.931118,26.953625,25.922636,27.24575,26.56636
2023-09-12,26.07975,25.86276,27.50975,26.72516,27.430876,26.359838,27.636497,27.06062
2023-09-13,25.620253,25.677963,27.374752,27.399178,27.020624,26.751156,27.674252,27.336117
2023-09-14,25.477001,25.259527,26.729874,26.958893,26.14125,26.036903,27.295624,27.350527
2023-09-15,26.158627,25.346945,26.333873999999998,26.424608,26.19225,25.456406,27.015875,27.010466
2023-09-16,26.238,25.986727,26.374125,26.175894,26.613377,26.056387,26.888752,26.86949
2023-09-17,25.45225,25.67657,25.005623000000003,26.336824,26.523874,26.277246,26.182,26.764511
2023-09-18,26.109375,25.060005,25.382,24.542318,26.926873999999998,25.93809,26.45825,26.03203
2023-09-19,26.028249999999996,26.156618,26.217627000000004,25.897617,26.44975,26.637135,26.810999,26.540876
2023-09-20,26.022625,25.339323,26.750126,26.115412,25.941875,25.606909,26.771626999999995,26.642433
2023-09-21,24.27625,25.897947,24.483374,26.741484,23.235374,25.540533,25.817875,26.57151
2023-09-22,24.374376,23.630934,24.403873,23.58539,24.184374000000002,22.41692,26.040499999999998,25.62515
2023-09-23,23.64975,25.06748,25.115875000000003,25.061934,24.514126,25.411764,26.14225,26.172218
2023-09-24,23.274502,23.206364,24.455002,25.020897,23.4795,24.138027,25.629751000000002,25.989635
2023-09-25,22.533749,23.756618,23.775249999999996,24.31357,23.834751,23.18479,25.622877,25.526026
2023-09-26,22.104625999999996,22.46304,24.402502,23.811255,24.252000000000002,24.195745,25.726376,25.664688
2023-09-27,22.484625,22.535894,25.118002000000004,24.696123,24.922127,24.099398,26.223,25.661453
2023-09-28,23.251501,22.668877,25.007374,25.115307,25.51475,24.808657,26.307251,26.153202
2023-09-29,23.790874,23.248108,25.346249000000004,24.81836,25.452875,25.159895,26.252125000000003,26.082367
2023-09-30,23.160126,23.524696,26.067873000000002,25.395723,24.56925,24.87084,25.71075,26.105164
2023-10-01,23.118126,22.700834,25.198,25.994387,23.578623,23.982906,25.082375,25.559484
2023-10-02,23.587,23.131918,25.500248,24.699953,22.84325,23.374516,24.424751,25.103975
2023-10-03,23.864126,23.372145,25.137877,25.763565,22.984373,22.912376,24.037,24.529154
2023-10-04,23.415127,23.585686,24.908249,24.72788,22.787252,23.326374,23.92025,24.236
2023-10-05,22.487877,23.056534,24.371,25.05467,21.654001,22.786785,22.922625,24.097244
2023-10-06,22.744625,22.414707,24.380000000000003,24.161648,21.6515,21.591288,24.141253,22.91273
2023-10-07,22.69775,22.985075,24.456375,24.59881,21.311874,22.111553,23.953999,24.491808
2023-10-08,22.01375,22.522228,24.449122999999997,24.431742,20.772625,21.376844,23.912874,23.737404
2023-10-09,21.966500000000003,22.042473,24.082374999999995,24.487514,20.80425,20.945044,23.647,24.030018
2023-10-10,21.737375,22.176893,23.678125,23.991953,20.436127,21.13475,23.487125,23.661993
2023-10-11,21.660126000000005,21.763943,23.405,23.706514,20.712,20.520842,23.320751,23.624643
2023-10-12,21.4515,21.827953,23.562752,23.460749,21.453876,21.017761,23.25675,23.439499
2023-10-13,21.283875,21.49475,23.917,23.731075,21.991750000000003,21.61867,23.37725,23.40894
2023-10-14,21.59475,21.44746,23.722998000000004,24.00281,22.362874999999995,21.918474,23.353748,23.501926
2023-10-15,21.409374,21.732048,23.425875,23.640657,21.788126,22.213411,22.954502000000005,23.430964
2023-10-16,21.400126,21.357067,23.4325,23.452387,21.236000000000004,21.461798,22.510876,22.984783
2023-10-17,21.570374,21.53607,23.230999,23.512047,21.012375,21.240063,22.287248999999996,22.61505
2023-10-18,21.064873,21.593502,23.210999,23.220211,20.811123000000002,21.169596,21.955126000000003,22.453737
2023-10-19,20.307375,21.04383,23.099499,23.33396,20.411999,20.975796,22.103624,22.054533
2023-10-20,19.511,20.497675,22.724626999999998,23.116238,19.526,20.554495,22.167252,22.33412
2023-10-21,19.298626,19.770357,22.446749,22.75569,18.879627,19.644167,21.944124,22.24035
2023-10-22,19.287374,19.73585,22.280375,22.55651,19.160124,19.204119,21.401875000000004,21.974354
2023-10-23,19.2895,19.561054,22.164124000000005,22.399057,19.639751,19.616032,21.1,21.409733
2023-10-24,19.153875,19.504692,21.69925,22.293377,19.492876,19.88501,21.08675,21.24168
2023-10-25,19.30225,19.256655,21.480001,21.685228,19.566376,19.494799,21.078623,21.233334
2023-10-26,19.139,19.45342,21.385626,21.644096,19.591125,19.68261,20.823751,21.167671
2023-10-27,18.791374,19.11324,21.200124999999996,21.478836,18.471874,19.624418,20.83725,20.852423
2023-10-28,18.509626,18.83896,21.300251,21.274433,17.803375,18.353666,20.68525,20.956581
2023-10-29,18.3225,18.60106,21.198,21.46636,18.255625,18.093868,20.492624,20.702543
2023-10-30,18.272125,18.441387,21.188250000000004,21.20352,19.302124,18.680708,20.742,20.550774
2023-10-31,18.154127,18.394283,21.304252999999996,21.300146,19.404999,19.562254,20.496002,20.874641
2023-11-01,18.129873,18.221836,21.455375999999998,21.382256,18.2015,19.280344,20.1905,20.441683
2023-11-02,18.355125,18.215124,21.575125,21.539858,17.72475,17.995232,20.890125,20.245562
2023-11-03,18.228876,18.43976,21.450375,21.631184,18.118124,17.951004,21.352,21.10914
2023-11-04,18.412624,18.170612,21.410625,21.4308,18.468498,18.411861,21.556126,21.306412
2023-11-05,18.430624,18.50447,21.331501,21.48219,18.1775,18.603151,20.880875,21.513586
2023-11-06,15.435375,18.377178,21.22275,21.350376,12.681749,18.176731,20.4275,20.695868
2023-11-07,15.669499,15.098793,20.960876,21.273966,14.133125,12.7662525,19.876125,20.52208
2023-11-08,17.8485,16.490435,20.749626,20.95756,15.200749,15.48445,20.711374,19.928377
2023-11-09,16.693874,18.255476,20.571125,20.813301,14.706876,15.547244,19.82825,21.062515
2023-11-10,16.475624,16.225143,20.284750000000003,20.618942,14.742623,14.8056755,20.1745,19.539328
2023-11-11,16.346125,16.699972,19.66725,20.306078,15.053499,14.889682,20.045374,20.510769
2023-11-12,15.733624,16.285242,19.362,19.611172,14.568999,15.077637,19.831375,19.95957
2023-11-13,15.119625,15.723403,20.175625,19.487064,14.795751,14.483156,19.648127,19.897764
2023-11-14,14.748499,15.220323,21.085749,20.530273,14.713749999999997,14.862821,19.395876,19.695864
2023-11-15,14.597499,14.932133,20.238125,21.213755,14.36775,14.721239,19.131376,19.443048
2023-11-16,14.31675,14.751158,19.742,19.822935,14.469126,14.399459,19.1685,19.186172
2023-11-17,14.08975,14.413282,19.759249,19.830114,14.702375,14.553134,19.5915,19.285488
2023-11-18,13.827625,14.190204,18.2635,19.80005,13.8825,14.733712,19.505625,19.702457
2023-11-19,14.312249,13.899896,16.448626,17.885283,13.651374,13.897965,19.289751,19.432991
2023-11-20,14.490749,14.433338,17.372,16.4073,14.166873999999998,13.814595,19.490751,19.287796
2023-11-21,14.10575,14.4668255,16.807999,18.102707,14.270374,14.276791,19.637875,19.58704
2023-11-22,13.869624,14.026355,17.866,16.53627,14.246998999999999,14.256017,18.75675,19.645697
2023-11-23,13.847373999999999,13.875269,17.670624,18.467466,13.950251,14.228733,18.064125,18.57742
2023-11-24,13.622,13.872935,18.338,17.315996,13.682375,13.949503,17.993876,18.160002
2023-11-25,13.405125,13.631273,18.673,18.64184,14.124875,13.730637,17.948626,18.172087
2023-11-26,13.456,13.454982,18.001875,18.47814,14.160875,14.183107,17.690624,18.027407
2023-11-27,13.52775,13.517114,17.59975,17.754967,13.788750999999998,14.1373825,17.062874,17.715895
2023-11-28,13.536,13.55195,17.99725,17.606182,13.68975,13.789177,16.51425,17.020077
2023-11-29,13.230374,13.541101,17.388126,18.164436,13.887875,13.748449,16.524876,16.555607
2023-11-30,13.566874499999999,13.210896,17.0275,17.16463,14.565249,13.927877,16.45425,16.662128
2023-12-01,13.970751,13.635682,16.807625,17.152132,14.912873999999999,14.535435,16.249874,16.471613
2023-12-02,13.822624,13.980539,16.820124,16.826283,15.235374,14.783514,15.589749,16.248816
2023-12-03,14.206249,13.747864,17.084,16.940071,15.363749000000002,15.09004,14.952874,15.510117
2023-12-04,13.993124,14.239157,17.030249,17.184166,15.43625,15.20968,14.904626,14.977829
2023-12-05,14.083499,13.885726,17.177876,16.989668,15.549374,15.323403,15.456248999999998,15.043834
2023-12-06,13.624501,14.09314,16.4885,17.244839,15.039249,15.479967,16.35575,15.587965
2023-12-07,13.185125,13.555077,16.897251,16.23866,14.501751,14.989139,16.21175,16.398397
2023-12-08,13.062999,13.2393055,15.707375999999998,17.188488,14.12625,14.598098,15.115625,15.986826
2023-12-09,13.407749000000003,13.157848,16.675625,15.247428,14.516624,14.308723,15.213499,14.882155
2023-12-10,13.889249000000001,13.500199,16.7785,17.283731,14.987624999999998,14.692618,15.717249,15.392567
2023-12-11,13.978125,13.9346,16.515,16.519045,14.804374999999999,15.022979,16.204124,15.7762375
2023-12-12,13.9855,13.932413,16.299623,16.522985,14.704624,14.748315,16.081875,16.19697
2023-12-13,14.600249,13.939538,16.601124,16.23405,14.603624000000002,14.696885,15.931874,15.940357
2023-12-14,13.976,14.633984,16.266874,16.72644,14.3555,14.608425,16.199749,15.878849
2023-12-15,13.934124999999998,13.773707,15.300623999999997,16.091373,13.956875,14.38712,16.145624,16.2217
2023-12-16,14.012375000000002,13.978039,14.309374,15.141173,13.3665,14.050463,15.45175,16.055605
2023-12-17,13.170749,14.010417,14.143749,14.280298,13.273,13.5381565,14.563125,15.3154955
2023-12-18,13.17375,13.138481,14.187126,14.370495,13.379499000000001,13.475006,14.122874,14.534714
2023-12-19,13.361123,13.323065,15.750874,14.307787,13.509499,13.506697,14.84775,14.244489
2023-12-20,13.033124,13.426717,15.758625,16.177631,13.2786255,13.566043,15.3955,15.09159
2023-12-21,12.71925,13.042766,15.485374,15.405874,13.057248000000001,13.301795,15.078749,15.38894
2023-12-22,12.56675,12.7802725,15.341874,15.390147,12.966,13.109294,14.644125,14.925552
2023-12-23,12.513749,12.642598,15.1362505,15.230256,13.167874,13.026234,14.50025,14.592524
2023-12-24,12.615375,12.579009,14.992373999999998,15.065219,13.19725,13.204457,14.157124,14.534406
2023-12-25,12.600499,12.668686,15.516873999999998,14.98173,13.17075,13.19556,14.089126,14.128626
2023-12-26,12.335875,12.62187,15.726875000000001,15.675227,13.023874,13.166667,14.460999499999998,14.158605
2023-12-27,12.323625,12.347505,14.329625,15.649873,13.2266245,13.02923,14.853125,14.553787
2023-12-28,12.238125,12.367948,13.431624,13.924542,13.409249999999998,13.23103,14.85875,14.856884
2023-12-29,12.299124,12.266558,13.50575,13.526078,13.463874999999998,13.375041,14.876125000000002,14.774609
2023-12-30,12.373751,12.340242,13.6641245,13.72722,13.3015,13.41833,14.953125,14.842281
2023-12-31,12.246124,12.400116,13.80425,13.776393,12.844,13.274564,15.012249,14.926254
2024-01-01,11.9585,12.2506275,13.6865,13.875558,12.802250000000003,12.888549,14.796749999999998,14.982685
2024-01-02,12.124624,11.982755,13.816626,13.647389,12.926999,12.89183,15.013375,14.734149
2024-01-03,12.178249000000001,12.184495,14.054874,13.854178,12.925251,12.982883,15.053124,15.070388
2024-01-04,12.112749,12.200954,13.297125,14.043675,12.837875,12.949942,14.492626,15.005406
2024-01-05,12.194,12.130257,13.146125,13.063326,12.70675,12.85822,13.994998,14.383171
2024-01-06,12.116874,12.223292,13.839874,13.27709,12.462376,12.735456,13.796875,14.000214
2024-01-07,11.887499,12.122445,14.455501,14.006356,12.176625,12.5208,13.580625,13.860308
2024-01-08,11.9175,11.9067,14.082250000000002,14.453095,12.464874,12.282228,13.639875,13.605556
2024-01-09,11.8545,11.967029,14.042875,13.840158,12.602499,12.527889,13.512748999999998,13.71008
2024-01-10,12.02125,11.88911,14.217875,14.055442,12.992748,12.600096,13.511749,13.49229
2024-01-11,11.791124,12.068972,13.486125,14.1922455,12.966749,12.936301,13.486124000000002,13.531172
2024-01-12,11.6465,11.800699,12.476249000000001,13.269546,12.7195,12.8838005,13.330126,13.4704485
2024-01-13,11.772249,11.693589,12.574124,12.44445,12.3645,12.684286,13.169624000000002,13.299173
2024-01-14,11.966,11.822382,12.59675,12.858888,12.128374,12.412432,13.17575,13.160134
2024-01-15,12.428875,12.003116,13.180874000000001,12.667538,11.836125,12.239623,13.208749999999998,13.19713
2024-01-16,12.53025,12.46695,13.363376,13.37625,11.762625,11.986193,13.065373,13.208615
2024-01-17,12.291999,12.503948,12.409874,13.2886,11.844,11.909373,12.70475,13.033054
2024-01-18,12.179374,12.247771,11.938625,12.177014,11.807124,11.934524,12.7074995,12.672149
2024-01-19,12.145374,12.17895,12.367624,12.050537,11.854249,11.862425,13.016748999999999,12.770153
2024-01-20,11.969875,12.163635,13.543875,12.58327,11.825249,11.881,13.329499,13.065142
2024-01-21,11.624999000000003,12.0011635,13.718999,13.738611,11.524625,11.841977,13.260000000000002,13.319564
2024-01-22,11.322749,11.689674,12.793623999999998,13.514909,11.428374,11.5910225,12.934125,13.1741295
2024-01-23,11.135624999999997,11.426908,12.099873999999998,12.518452,11.412,11.519879,12.676624,12.864741
2024-01-24,11.130625,11.255741,11.727624,12.106623,11.493624000000002,11.493607,11.784875,12.674526
2024-01-25,11.1565,11.242508,11.682498999999998,11.836719,11.7769985,11.543124,11.425875,11.732438
2024-01-26,11.206749,11.241321,11.799875,11.872183,11.711000000000002,11.761984,11.939500000000002,11.599268
2024-01-27,11.260624,11.266335,12.015874999999998,11.9593,11.627625,11.691788,12.325874,12.137947
2024-01-28,11.283124,11.302794,12.043375,12.12613,11.605,11.633744,12.18225,12.355771
2024-01-29,11.429625,11.314626,12.034499,12.054044,11.74625,11.625094,12.316124999999998,12.128808
2024-01-30,11.486375000000002,11.4629545,11.600875,12.051815,11.650875,11.745432,12.344251,12.347515
2024-01-31,11.649124,11.505014,11.296749,11.565174,11.650125,11.666198,12.213750000000001,12.31879
2024-02-01,11.686501,11.673177,11.83375,11.416583,11.447247999999998,11.675507,12.223625,12.19568
2024-02-02,11.6325,11.693578,12.599499,12.059105,11.644875,11.505992,12.738251000000002,12.253184
2024-02-03,11.536624,11.64063,12.973623999999997,12.683034,11.562875,11.670396,13.1121235,12.804066
2024-02-04,11.4535,11.553428,12.69675,12.894064,11.022875,11.588721,12.794625,13.066591
2024-02-05,11.1035,11.488549,11.785874,12.5157,10.603998,11.152432,12.087625,12.661256
2024-02-06,11.023,11.163068,11.190874,11.629797,10.441874500000003,10.818304,11.616873,12.021463
2024-02-07,11.17525,11.122271,10.9591255,11.329719,10.860624,10.676709,11.590876,11.697426
2024-02-08,11.386623999999998,11.253817,11.1315,11.198812,11.29425,10.950764,11.787624,11.735962
2024-02-09,11.504499999999998,11.440495,11.227875,11.405926,11.488874,11.262756,11.725875,11.898009
2024-02-10,11.841625,11.533119,11.24725,11.390701,11.484750000000002,11.410583,11.776499999999999,11.75793
2024-02-11,11.847124,11.869461,11.312249,11.373308,11.12325,11.413808,11.69875,11.836921
2024-02-12,11.761874,11.829018,11.335875,11.41952,11.1885,11.148203,11.688001,11.720437
2024-02-13,11.651748999999999,11.7541275,11.556,11.415914,11.157999,11.230967,11.644499,11.739184
2024-02-14,11.717875000000001,11.659024,11.970501,11.656958,11.35425,11.212352,11.7515,11.685802
2024-02-15,11.708125,11.751091,11.9818735,12.032144,10.986625,11.373725,11.9115,11.814458
2024-02-16,11.549375,11.73322,11.525249500000001,11.918062,10.738874,11.068809,12.185999999999998,11.948651
2024-02-17,11.082624,11.581537,11.17025,11.478223,10.674624000000001,10.873839,12.0963745,12.212309
2024-02-18,11.020875,11.150498,11.285873,11.275755,10.721249000000002,10.809336,12.2907505,12.051689
2024-02-19,10.7716255,11.133569,11.1925,11.481345,10.69325,10.825519,12.024124,12.326722
2024-02-20,10.23,10.889098,10.272249,11.298027,10.554,10.7889185,11.641375,11.96712
2024-02-21,9.633749,10.44223,9.969374,10.535503,10.110749,10.678173,11.486249999999998,11.666134
2024-02-22,9.656875,10.162978,10.732374,10.551551,9.625125,10.354807,11.347626,11.580938
2024-02-23,9.821249,10.161079,11.829501,11.162121,9.372499,10.017146,11.4475,11.437008
2024-02-24,10.152498,10.186667,12.263124000000001,11.990401,9.295125,9.822561,11.804125,11.562122
2024-02-25,10.128999,10.359082,12.492748,12.152926,9.270499,9.73086,12.110999,11.889136
2024-02-26,10.387749,10.315213,11.9175,12.387729,9.466749,9.675024,12.128875,12.122586
2024-02-27,10.744375,10.513039,11.1865,11.688114,9.597876,9.760708,11.6565,12.089653
2024-02-28,10.810622999999998,10.801399,11.938374499999998,11.197804,9.628624,9.828931,11.095626,11.607686
2024-02-29,10.5665,10.832473,12.527625,12.262619,9.472874,9.848121,10.85475,11.155941
2024-03-01,10.281374,10.611689,12.042125,12.544372,9.57875,9.75667,10.951375,11.01888
2024-03-02,10.237999,10.423694,11.608999,11.883572,9.834249499999999,9.82344,10.2345,11.128639
2024-03-03,10.125750000000002,10.414788,12.356998,11.646636,9.984998999999998,9.992315,9.76125,10.324694
2024-03-04,10.083,10.339174,11.887499,12.5905285,10.092875,10.105672,10.203875,10.037126
2024-03-05,9.868999,10.3124075,11.156875,11.69471,10.171624,10.192776,10.563875,10.519995
2024-03-06,9.657999,10.182089,10.820000000000002,11.231302,10.047625,10.261167,10.961875,10.7201605
2024-03-07,9.621499,10.107089,10.976749000000002,11.053968,10.308499,10.197554,11.496874,11.071758
2024-03-08,9.760623999999998,10.095906,10.727,11.25034,10.513749,10.380848,11.085123999999999,11.550173
2024-03-09,10.211373999999998,10.137205,10.845625,10.909078,10.820374,10.53911,11.170751,11.015496
2024-03-10,10.292624,10.396122,10.821875,11.126816,11.10375,10.773128,11.363874,11.286347
2024-03-11,10.314500000000002,10.433453,11.892499,10.998582,10.82875,11.010964,11.594875,11.42862
2024-03-12,10.448625,10.441267,13.821999,12.1458025,10.676749,10.830199,11.924624,11.647198
2024-03-13,10.668874,10.545408,13.4609995,13.942613,10.6845,10.7476425,12.016999,11.955992
2024-03-14,11.0855,10.730135,12.25675,12.9106245,10.820499,10.765448,12.116499000000001,11.989961
2024-03-15,11.602625,11.116305,11.885125,11.96112,10.83275,10.8646,12.045123999999998,12.1122
2024-03-16,12.431749,11.620915,12.282124999999999,11.976419,10.774248999999998,10.874024,12.219125,12.021592
2024-03-17,12.002999,12.449959,11.968625,12.466681,10.385374,10.832599,12.199249,12.255352
2024-03-18,11.815999,11.880844,12.157499,11.930813,10.600875,10.552558,12.137875,12.177624
2024-03-19,11.44975,11.790925,11.96675,12.343413,10.16325,10.699953,11.648,12.144679
2024-03-20,10.9305,11.454869,12.153999,11.935233,10.161249,10.381641,11.375125,11.626273
2024-03-21,11.6325,11.040295,12.371875000000001,12.273043,10.631,10.368967,11.575126,11.477645
2024-03-22,12.459373999999999,11.76082,12.707375000000003,12.390746,10.51975,10.675628,12.020248999999998,11.711204
2024-03-23,13.003375000000002,12.525847,12.999623999999999,12.742033,11.007875,10.590746,12.485374000000002,12.099162
2024-03-24,12.528000000000002,13.001104,12.812876,12.9669485,10.931624,10.945688,12.744375,12.491222
2024-03-25,11.682625,12.396258,12.706499,12.685031,11.174749,10.8995695,12.777874,12.684402
2024-03-26,11.253374000000003,11.645203,13.063499000000002,12.695591,11.80525,11.115264,12.6866255,12.699095
2024-03-27,11.574624,11.365104,13.932,13.13484,11.873249,11.664215,12.873875000000002,12.627921
2024-03-28,10.9506235,11.714364,13.367125,14.017957,11.111625,11.7417555,12.42425,12.884993
2024-03-29,11.045750000000002,11.068857,13.301873999999998,13.031061,10.901998499999998,11.157836,12.442750000000002,12.323729
2024-03-30,11.652999,11.202,13.448,13.371282,11.2185,11.040463,12.500376,12.521172
2024-03-31,11.557625,11.739185,13.630751,13.42886,11.49825,11.286509,12.59425,12.51531
2024-04-01,11.851499999999998,11.555817,14.00125,13.637688,11.618249,11.493123,12.61875,12.611065
2024-04-02,13.134375,11.883865,15.065625,14.021259,12.335375,11.5864725,13.506875,12.607246
2024-04-03,13.225125,13.212669,14.598498,15.184588,12.312499,12.202265,13.276374,13.604432
2024-04-04,13.404999,13.10761,13.99,14.183635,12.557999,12.165311,13.106749999999998,13.066003
2024-04-05,13.206125,13.347376,14.668124,13.888012,12.92725,12.431588,13.398625,13.074439
2024-04-06,13.210999,13.094433,15.648875,14.865469,13.439375,12.789158,13.721624,13.424079
2024-04-07,13.78125,13.18562,16.620375,15.701064,14.474626,13.272931,15.007999,13.697932
2024-04-08,14.279126,13.820342,16.86025,16.634705,15.124874,14.240634,15.630375000000003,15.113409
2024-04-09,12.943376,14.269171,15.608125,16.631697,13.703249,14.815615,13.702125,15.452443
2024-04-10,12.731999,12.747877,15.211874999999997,15.106264,13.036125,13.482061,13.951,13.155323
2024-04-11,12.93375,12.878967,15.153625000000002,15.306159,12.84875,13.172968,14.655500000000002,14.282778
2024-04-12,14.022875,13.013373,15.680249,15.164791,13.458875,13.057344,15.281625,14.718264
2024-04-13,14.50325,14.163295,16.0935,15.885251,13.097623999999998,13.594965,15.123749,15.283268
2024-04-14,14.992748999999998,14.460497,16.56025,16.097982,13.147124,13.145,15.684625999999998,14.959835
2024-04-15,13.566125,14.96333,16.168,16.595383,12.350375,13.213201,15.711624,15.739934
2024-04-16,14.435374,13.241907,16.274124,15.8947115,12.068749999999998,12.448719,15.635875,15.547078
2024-04-17,15.359,14.657494,16.76725,16.348238,13.026124999999999,12.256847,16.460375,15.570434
2024-04-18,14.940625,15.360094,16.96025,16.806784,13.654875000000002,13.079086,16.66775,16.550047
2024-04-19,15.608,14.746112,17.031376,16.900404,13.894124,13.540562,16.822874,16.502111
2024-04-20,15.196001,15.713046,15.951875999999999,16.995092,14.1435,13.720764,16.311249,16.75646
2024-04-21,14.983625,14.954946,15.485749,15.593807,15.358499999999998,13.974009,16.186626,16.119663
2024-04-22,14.883125,14.973462,15.359999,15.607237,15.733749000000001,15.150783,16.0635,16.223856
2024-04-23,15.045251,14.865513,15.553624000000001,15.409557,15.564375000000002,15.4123335,15.927999500000002,16.043394
2024-04-24,15.0546255,15.093937,15.368875,15.700137,15.349125,15.3224125,15.764251,15.934528
2024-04-25,15.104501,15.031101,15.84825,15.311008,15.781875,15.241151,16.234001,15.761514
2024-04-26,15.119374,15.107703,16.178875,16.031206,15.476874,15.775237,16.546124,16.335665
2024-04-27,15.315999999999999,15.093402,16.77775,16.119457,16.04775,15.397113,16.804874,16.490608
2024-04-28,15.653624,15.322825,17.277874,16.852095,15.985126,16.116,16.97075,16.757463
2024-04-29,15.358251,15.6517725,16.584,17.212055,15.916876,15.899908,16.417,16.896135
2024-04-30,15.67975,15.223934,16.404251,16.227041,16.00175,15.897767,16.2265,16.230284
2024-05-01,15.5525,15.743278,16.279875,16.470533,15.780374999999998,16.010298,16.186749,16.263493
2024-05-02,15.927625,15.438216,16.731874,16.22105,16.000252,15.773432,16.503,16.198698
2024-05-03,15.847375999999999,15.994456,17.039373,16.9189,15.681,16.068193,16.01675,16.568968
2024-05-04,16.428625,15.730732,16.992126,17.022123,15.6285,15.673036,16.522373,15.862429
2024-05-05,15.45625,16.525791,16.5975,16.931372,13.537624,15.711632,16.779125,16.685984
2024-05-06,15.1665,15.164125,16.8385,16.468605,12.3445,13.667907,16.594,16.695421
2024-05-07,15.734999,15.303966,16.795876,16.976738,14.000250000000001,12.918378,16.44575,16.48858
2024-05-08,15.587999,15.8494005,16.23225,16.707907,14.570749,14.431133,16.316875,16.409779
2024-05-09,15.828125,15.503342,16.477125,16.115683,15.4384985,14.563039,16.632002,16.291647
2024-05-10,15.587874999999999,15.89523,16.629124,16.671097,14.762125000000001,15.320104,16.952747,16.695297
2024-05-11,14.578125,15.476332,16.645124,16.604004,13.858999,14.526847,16.49,16.93294
2024-05-12,14.80725,14.513082,16.757874,16.651016,14.684875,13.838432,16.872374,16.319324
2024-05-13,15.775499,15.005499,17.012001,16.77205,15.392124,14.794795,17.396626,16.997578
2024-05-14,15.7685,15.915001,17.371124,17.045366,15.456875,15.336544,17.345123,17.382956
2024-05-15,15.887625,15.639993,17.4115,17.389194,14.81025,15.322681,17.232624,17.214754
2024-05-16,14.87125,15.877056,16.274876,17.319277,12.7895,14.724699,16.564877,17.182228
2024-05-17,15.280249,14.659117,16.049252,15.924209,13.4415,12.970244,16.324627,16.418285
2024-05-18,15.376123999999999,15.477092,16.397125,16.247694,13.708124,13.836195,16.439125,16.40207
2024-05-19,16.153873,15.314983,17.312374,16.516884,15.015999,13.847121,17.664,16.510092
2024-05-20,16.1225,16.29905,17.117874,17.53268,15.771124,15.03769,17.058126,17.839355
2024-05-21,15.985874,15.951364,16.678625,16.87259,16.668749,15.5451765,17.283875,16.693575
2024-05-22,16.237125,15.926856,17.0315,16.61033,16.261375,16.380804,18.200624,17.416107
2024-05-23,16.78175,16.23018,17.275373,17.161058,16.449001,15.878609,18.82375,18.233418
2024-05-24,16.513374,16.80481,17.2945,17.240007,16.652124,16.338217,18.334625,18.710468
2024-05-25,16.394375,16.322273,17.151875,17.26555,16.994875,16.558784,17.84825,18.066534
2024-05-26,16.031376,16.386156,17.11625,17.09853,15.566249,16.958302,16.868,17.814606
2024-05-27,15.60725,15.9578495,17.015623,17.132698,13.3835,15.442511,17.042875,16.735088
2024-05-28,16.7405,15.63996,17.326874,16.991041,14.489124999999998,13.730531,17.949625,17.313782
2024-05-29,17.346626,17.022823,17.718626,17.442297,15.802125,15.093584,18.313751,18.095707
2024-05-30,17.9075,17.273872,18.137249,17.740467,17.67225,15.944266,18.945375,18.219736
2024-05-31,19.073252,17.91149,19.015001,18.155329,19.362375,17.59238,20.416126,18.942383
2024-06-01,17.934124,19.158293,18.73875,19.114407,18.456125,19.01358,19.059374,20.41897
2024-06-02,17.908749,17.277935,19.243,18.396542,18.05225,17.728466,18.320124,18.408134
2024-06-03,18.282377,18.11246,18.915249,19.430353,18.18075,17.871773,18.279625,18.441582
2024-06-04,18.797874,18.250824,18.4625,18.585785,18.629374,18.191189,18.431875,18.399029
2024-06-05,19.633749,18.904749,18.863,18.452635,19.161001,18.714287,19.063627,18.538792
2024-06-06,20.177499999999995,19.72555,19.27975,19.030209,19.335001,19.214178,19.119125,19.191214
2024-06-07,19.28125,20.116692,19.7085,19.31086,18.758125,19.274582,19.326376,19.01396
2024-06-08,17.796,18.867552,19.157623,19.770153,17.158875,18.612177,18.54425,19.3453
2024-06-09,18.4745,17.760056,19.81175,18.873856,18.008251,17.134556,19.205875,18.321789
2024-06-10,19.015999,18.995264,20.69875,20.143621,18.73625,18.615847,20.550001,19.50041
2024-06-11,19.545498,19.03959,21.220375,20.722168,20.344999999999995,18.865149,21.757374,20.601923
2024-06-12,20.091375,19.707857,21.567499999999995,21.228592,21.164999,20.517136,21.899625999999998,21.659351
2024-06-13,21.619625,20.106617,22.38325,21.535614,21.513,20.873663,22.5995,21.591288
2024-06-14,21.243626,21.903841,21.653126,22.52298,20.896376,21.184757,21.12725,22.627756
2024-06-15,21.34275,20.600817,22.038626,21.175104,20.188000000000002,20.470911,21.287124999999996,20.580175
2024-06-16,21.552504,21.517735,22.351750000000003,22.424871,20.995625000000004,20.11797,22.011501,21.711521
2024-06-17,21.727499999999996,21.391312,22.534626000000003,22.261835,21.503126,21.37205,21.987501,22.124048
2024-06-18,22.0105,21.727976,22.662623999999997,22.663033,22.496873999999995,21.478046,22.479874,21.924093
2024-06-19,21.493876,21.923733,22.50725,22.670263,23.465876,22.569271,23.229,22.63833
2024-06-20,20.767376,21.338135,21.696125,22.5059,21.624126,23.252367,22.643123999999997,23.224577
2024-06-21,21.657125,20.928762,22.656376000000005,21.526957,21.900375,20.748274,23.086123,22.371605
2024-06-22,21.475875999999996,22.010305,22.510126,23.162586,20.382874999999995,22.401241,22.522627,23.299465
2024-06-23,21.41925,21.241978,22.745625000000004,22.219408,20.541498,20.007215,22.733624,22.311974
2024-06-24,19.530624,21.61068,21.785126,23.052261,20.407124,21.233383,21.665127,23.013868
2024-06-25,16.967999,19.225002,20.969624,21.344568,20.436625,20.552034,21.637,21.431816
2024-06-26,18.749126,17.520851,22.443624,21.12573,21.686123,20.727764,23.266125,22.02631
2024-06-27,19.686127,19.890574,22.932,23.004107,21.53425,22.014593,23.162876000000004,23.431349
2024-06-28,20.4315,19.657818,22.847,22.77768,21.569874,21.205671,23.518625,22.871422
2024-06-29,19.869875,20.71394,22.109123,22.907825,19.301125,21.57028,22.362251,23.604944
2024-06-30,16.590502,19.446608,20.043001,21.852985,15.5858755,18.86114,20.548248,21.994434
2024-07-01,20.0005,16.247322,21.785750000000004,19.607641,19.632126,15.957813,23.497501,20.537622
2024-07-02,21.22175,21.423584,20.688875,22.814077,21.589874,21.463343,22.554373,24.028809
2024-07-03,19.374876000000004,20.671253,19.629,19.82903,19.228125,21.397184,21.449749,21.777477
2024-07-04,20.85975,18.95057,21.142876,19.994175,20.508251000000005,18.427567,22.49175,21.624994
2024-07-05,19.831001,21.566833,19.869373,21.717562,19.694876,21.169582,22.481876,22.843582
2024-07-06,18.977625,19.03759,18.541252,19.19469,19.258627,19.18555,21.661625,22.324251
2024-07-07,18.0975,19.361399,18.103249,18.674936,17.898,19.42105,20.289875,21.594822
2024-07-08,19.39875,18.136599,19.1065,18.20299,18.83525,17.965397,19.020624,20.264055
2024-07-09,19.970125,20.156927,19.913876,19.60895,20.12825,19.556828,19.558874,19.191902
2024-07-10,17.449875,19.834015,19.149624,19.966934,17.804749,20.326319,18.072624,20.083498
2024-07-11,19.10225,17.023441,21.148375,18.830204,19.59775,17.320747,20.458374,17.77882
2024-07-12,22.537252,20.11953,22.7055,21.88637,21.39875,20.431625,22.080502000000003,21.132782
2024-07-13,23.531,22.869614,22.964375,22.534534,22.24325,21.326735,22.649374,21.832382
2024-07-14,19.625875,22.985605,22.583624,22.79487,20.521624,21.870338,22.4385,22.402699
2024-07-15,20.098875,18.233524,22.727499,22.31364,20.862125,19.747007,22.923374,22.137455
2024-07-16,21.467875,21.264893,23.5775,22.813772,22.154125,21.268154,23.812126,23.003965
2024-07-17,20.517626,21.361324,22.462124,23.68288,20.56175,22.257778,22.672375,23.739582
2024-07-18,17.53125,20.3453,21.048248,21.924543,17.022375,19.931862,22.3545,22.236658
2024-07-19,16.529625,17.506338,21.315874,21.02929,18.413126,17.067446,22.296,22.648474
2024-07-20,16.88425,17.50739,21.6245,21.737377,19.634375,19.833525,22.018124000000004,22.40134
2024-07-21,17.638124,17.424126,21.2325,21.753244,19.387875,19.913067,22.342499,22.1106
2024-07-22,19.952751000000003,17.987057,22.125751,21.231209,20.494,19.319635,22.550625,22.586258
2024-07-23,19.40575,20.507647,22.285252,22.563545,19.913124,20.783148,21.500248,22.608564
2024-07-24,20.307999,18.701271,22.843126000000005,22.129143,21.535625,19.50294,22.579126,21.308664
2024-07-25,20.548,20.710188,24.240875,23.07752,22.929375,21.851143,23.035500999999996,22.976448
2024-07-26,21.005250000000004,20.106436,26.055374,24.331343,22.067749000000003,22.647629,23.298126,22.923206
2024-07-27,19.353376,21.160513,25.970877000000005,26.05862,20.501500000000004,21.346313,23.486877000000003,23.319408
2024-07-28,19.346,18.731995,25.688251,25.332306,21.590126,20.253975,23.446125,23.466541
2024-07-29,20.76325,19.983494,25.557376999999995,25.516779,23.093126,22.228636,23.9925,23.453611
2024-07-30,23.074749,21.081083,25.811752,25.288221,25.229624,23.131405,24.467875,24.04075
2024-07-31,25.604874,23.29623,26.8325,25.798592,26.448248,25.167187,26.3845,24.3646
2024-08-01,25.795502,25.3457,26.822626,26.8547,26.407374999999995,25.675007,25.657125,26.268574
2024-08-02,25.686500000000002,24.570072,26.571625,26.396772,27.076876,25.37921,25.991,25.04805
2024-08-03,26.734001,25.036558,26.942875,26.433407,26.811876000000005,26.578875,26.59025,26.040943
2024-08-04,27.529126999999995,26.122469,28.156626,26.840746,27.593128,25.757431,27.964125,26.328255
2024-08-05,28.444876,26.632421,28.202627,28.164083,27.927124,27.348658,28.272625,27.74839
2024-08-06,28.477749,27.729132,28.479376,27.632261,26.779877,26.984629,27.455376,27.706406
2024-08-07,27.425001,27.344564,28.8585,28.368586,25.088500999999997,25.675209,27.840126000000005,27.040716
2024-08-08,26.390625,26.749676,28.870125,28.450048,25.10725,24.53614,27.423126,27.777838
2024-08-09,26.924875,26.137327,29.203377000000003,28.510866,26.327126,25.424263,28.079375999999996,27.034325
2024-08-10,27.646376,27.0747,28.726625,28.940292,28.215250000000005,26.416988,28.555376,28.049026
2024-08-11,28.094498000000005,27.248798,28.873001,28.123734,28.389501999999997,27.939157,28.396126,28.1656
2024-08-12,27.222002,27.706764,29.312126,28.827612,27.667625,27.073204,27.843874000000003,28.02243
2024-08-13,26.259998,26.501707,29.093252,28.949968,27.410002000000002,26.614681,27.514502,27.535133
2024-08-14,27.092377,26.23338,28.745499,28.67856,27.251501000000005,26.7792,27.92425,27.365335
2024-08-15,27.25925,27.157955,28.533999999999995,28.414862,27.03325,26.584822,28.44625,27.815315
2024-08-16,26.814125,26.6113,28.658249,28.24257,27.303875,26.467552,28.094501,28.17197
2024-08-17,27.974,26.561798,28.651876,28.496342,28.056873,26.941345,28.403624999999998,27.697441
2024-08-18,28.54125,27.936869,28.776377,28.33574,28.754250999999996,27.587513,28.941502,28.251457
2024-08-19,29.017378,27.683344,29.317627,28.58572,28.271750999999995,27.967083,28.969126000000003,28.605936
2024-08-20,25.576878,28.541983,28.636875,29.120667,24.504,27.019737,28.333376,28.545273
2024-08-21,21.388748,24.231747,27.998627,27.989393,19.53275,23.010826,27.855373,27.942684
2024-08-22,19.903875000000003,22.7135,28.016499000000003,27.827871,19.810251,19.735397,27.435877000000005,27.675997
2024-08-23,20.4265,21.46488,27.675375000000003,27.836557,22.177247999999995,21.957151,26.433876,27.273289
2024-08-24,22.991749999999996,21.715298,27.602001,27.407433,25.404125,23.257631,27.296999,26.299786
2024-08-25,25.821499,23.689991,27.592,27.546839,28.56825,25.826328,27.414875,27.473377
2024-08-26,26.9135,25.747112,27.964376000000005,27.387419,29.368000000000002,27.894865,28.37975,27.06032
2024-08-27,25.093748,26.011251,27.278626999999997,27.93942,27.809124,27.555971,26.476751,28.268293
2024-08-28,24.838625,23.676764,27.602375,26.763636,25.9195,25.911648,25.277747999999995,25.812304
2024-08-29,25.597752000000003,24.80478,28.219501,27.780989,24.932499,24.984758,24.842749,25.554926
2024-08-30,25.548126,25.047787,27.511002,27.941267,24.015875,24.773651,26.089249000000002,25.005804
2024-08-31,26.170252,25.052845,27.405375999999997,27.049881,24.706123,23.970434,26.742624,26.284529
2024-09-01,26.157375,25.948132,27.425999,27.395718,25.159,25.28285,27.694126,26.44427
2024-09-02,25.641998,25.511045,25.680626000000004,27.147423,24.95,24.96174,25.839878,27.476093
2024-09-03,25.399376,25.332117,25.213875,25.139786,24.194252,24.602402,23.519249,25.175053
2024-09-04,26.00475,25.107323,25.874626,25.551714,25.350125999999996,23.81911,25.530876,23.590315
2024-09-05,26.341,25.888815,27.389,25.973207,25.754251000000004,25.690613,26.880499999999998,26.099323
